-- Adminer 4.2.5 MySQL dump

SET NAMES utf8;
SET time_zone = '+00:00';
SET foreign_key_checks = 0;
SET sql_mode = 'NO_AUTO_VALUE_ON_ZERO';

DROP TABLE IF EXISTS `login_tokens`;
CREATE TABLE `login_tokens` (
  `id` int(11) NOT NULL AUTO_INCREMENT,
  `user_id` int(11) NOT NULL,
  `token` char(32) NOT NULL,
  `duration` varchar(32) NOT NULL,
  `used` tinyint(1) NOT NULL DEFAULT '0',
  `created` datetime NOT NULL,
  `expires` datetime NOT NULL,
  PRIMARY KEY (`id`)
) ENGINE=MyISAM DEFAULT CHARSET=utf8;

INSERT INTO `login_tokens` (`id`, `user_id`, `token`, `duration`, `used`, `created`, `expires`) VALUES
(5,	2,	'bb27597be9f2be656d65028d5057c528',	'2 weeks',	0,	'2015-09-16 03:08:25',	'2015-09-30 03:08:25'),
(7,	2,	'1e91d7087623acdd9a52ab71e8295348',	'2 weeks',	0,	'2015-09-16 03:14:10',	'2015-09-30 03:14:10'),
(9,	2,	'89c8d8237b86e891802b50979a17314d',	'2 weeks',	0,	'2015-09-16 03:15:28',	'2015-09-30 03:15:28'),
(12,	2,	'3f657d847c7dfb27bb5ec6eae357620e',	'2 weeks',	0,	'2015-09-16 09:46:50',	'2015-09-30 09:46:50'),
(14,	2,	'a25970eca51617535f261dfa175509c9',	'2 weeks',	0,	'2015-09-16 10:05:28',	'2015-09-30 10:05:28'),
(18,	2,	'79d37562ad077445c6b89bcbdcaffeea',	'2 weeks',	0,	'2015-09-17 07:35:37',	'2015-10-01 07:35:37'),
(24,	2,	'a1e40544a67b25fe8a16cf9d08d88abf',	'2 weeks',	1,	'2015-09-17 08:27:17',	'2015-10-01 08:27:17'),
(25,	2,	'de14230e9d0bd9f7f6076a92dcd63d06',	'2 weeks',	0,	'2015-09-18 03:09:38',	'2015-10-02 03:09:38'),
(26,	2,	'c0dd9ea6dae2bf8d1ee12268ecb0ca10',	'2 weeks',	0,	'2015-09-18 03:09:58',	'2015-10-02 03:09:58'),
(28,	2,	'2b8d47cc21a6ece220c2e7a6b607c9dd',	'2 weeks',	1,	'2015-09-18 03:20:53',	'2015-10-02 03:20:53'),
(29,	2,	'1b9a08fb40fc5226ad4016634b1e6079',	'2 weeks',	1,	'2015-09-18 09:09:59',	'2015-10-02 09:09:59'),
(30,	2,	'2bdf522fd9cec06fd8492cde247f995a',	'2 weeks',	0,	'2015-09-19 03:13:09',	'2015-10-03 03:13:09'),
(31,	2,	'f5331c8cbd7b8eea504406487943b824',	'2 weeks',	0,	'2015-09-19 03:16:21',	'2015-10-03 03:16:21'),
(32,	2,	'ce5a7beaddb018a46959202139f4710d',	'2 weeks',	1,	'2015-10-05 06:30:40',	'2015-10-19 06:30:40'),
(33,	2,	'3d772d6ffed69853092348d68f89b3f8',	'2 weeks',	1,	'2015-10-12 07:12:11',	'2015-10-26 07:12:11'),
(34,	2,	'2ab938ae0d634a69cefd50de94bad1fa',	'2 weeks',	1,	'2015-10-17 04:23:06',	'2015-10-31 04:23:06'),
(35,	2,	'527273d24849ba241a52df221ec3bcc7',	'2 weeks',	0,	'2015-10-19 08:12:20',	'2015-11-02 08:12:20'),
(36,	2,	'9f902495fb890b67a5035af8c698e3ba',	'2 weeks',	0,	'2015-10-19 09:13:55',	'2015-11-02 09:13:55'),
(38,	2,	'2e9a9b1b29136ca4350899016b97bbd8',	'2 weeks',	0,	'2015-10-19 09:15:07',	'2015-11-02 09:15:07'),
(40,	2,	'1ef43cc97d126393e9a618cd36a08b21',	'2 weeks',	0,	'2015-10-26 07:31:54',	'2015-11-09 07:31:54'),
(42,	2,	'5d1883eaadd9fe5620c1b298f9ecaa2d',	'2 weeks',	1,	'2015-10-27 07:15:00',	'2015-11-10 07:15:00'),
(43,	2,	'6fa648f3a4a97b3229cf5f0290ba5e2f',	'2 weeks',	0,	'2015-11-03 07:28:21',	'2015-11-17 07:28:21'),
(44,	2,	'cd9c12030860415a71541a31a9a1c79f',	'2 weeks',	0,	'2015-11-03 07:28:21',	'2015-11-17 07:28:21'),
(46,	2,	'b82ad56bfe71baef7f606081b824a581',	'2 weeks',	0,	'2015-11-03 07:29:37',	'2015-11-17 07:29:37'),
(47,	2,	'55cbc4214f64bda69004aef7750c7457',	'2 weeks',	0,	'2015-11-03 07:31:49',	'2015-11-17 07:31:49'),
(49,	2,	'6c4b14532917bb8d1a086cb5025d2d00',	'2 weeks',	0,	'2015-11-03 07:32:32',	'2015-11-17 07:32:32'),
(51,	2,	'a132dbe7e32aa59f23f66a953699716b',	'2 weeks',	0,	'2015-12-21 07:39:59',	'2016-01-04 07:39:59'),
(53,	2,	'859b637be9e6206a65f15dd51f8402b7',	'2 weeks',	1,	'2015-12-21 08:48:59',	'2016-01-04 08:48:59'),
(54,	2,	'5c6707e61324fbf3c166711a3c87370f',	'2 weeks',	0,	'2015-12-23 06:13:48',	'2016-01-06 06:13:48'),
(85,	2,	'82c0ef0a71e518f7ba33767d3c5d8c98',	'2 weeks',	0,	'2016-06-11 08:16:19',	'2016-06-25 08:16:19'),
(56,	2,	'd2ed14a0c0173d2e1adf47e5ee9d1993',	'2 weeks',	0,	'2015-12-23 07:12:11',	'2016-01-06 07:12:11'),
(84,	2,	'923c5111bdd01387f5521b3497427850',	'2 weeks',	0,	'2016-06-10 04:20:54',	'2016-06-24 04:20:54'),
(58,	3,	'7ba163e0c5491c06cab01b8113e4a1a3',	'2 weeks',	0,	'2015-12-23 08:27:51',	'2016-01-06 08:27:51'),
(59,	2,	'a69f82e2bdb1b98618dbdf3c03c4e6b1',	'2 weeks',	0,	'2015-12-23 08:46:28',	'2016-01-06 08:46:28'),
(60,	2,	'4f73d88957f487c3b7926930983c42f5',	'2 weeks',	0,	'2015-12-28 07:48:59',	'2016-01-11 07:48:59'),
(61,	2,	'1c79452b6ae3a9c6cf555ae1ca561370',	'2 weeks',	1,	'2015-12-29 06:59:23',	'2016-01-12 06:59:23'),
(62,	2,	'46deca57d98b3dace684eb44799cd975',	'2 weeks',	0,	'2015-12-30 04:56:07',	'2016-01-13 04:56:07'),
(63,	2,	'e2574699c0ee390ee63a67dc8181f20c',	'2 weeks',	0,	'2015-12-30 07:08:08',	'2016-01-13 07:08:08'),
(64,	2,	'a09ae7852d3e66d812daa848d75bbe61',	'2 weeks',	0,	'2016-04-03 13:34:56',	'2016-04-17 13:34:56'),
(83,	1,	'adba8946b2439e2385c4e3003a625703',	'2 weeks',	0,	'2016-06-10 04:20:22',	'2016-06-24 04:20:22'),
(66,	2,	'9368b4206524e9e061667e2b1e72f8b6',	'2 weeks',	0,	'2016-04-03 13:49:33',	'2016-04-17 13:49:33'),
(82,	2,	'564f3eb2957cd82e8293e30f53820290',	'2 weeks',	0,	'2016-06-10 02:31:36',	'2016-06-24 02:31:36'),
(68,	2,	'161284419966700d2b9bb24ca0eb2e55',	'2 weeks',	1,	'2016-04-03 15:43:42',	'2016-04-17 15:43:42'),
(69,	2,	'f43d88761b18242ed57cd1f89dfcbbb4',	'2 weeks',	0,	'2016-04-10 09:01:19',	'2016-04-24 09:01:19'),
(70,	2,	'54e6308fc0fd8ae406666e5d13cd9f99',	'2 weeks',	0,	'2016-05-04 11:38:51',	'2016-05-18 11:38:51'),
(81,	2,	'3d9755cd8c26b26752dcf9565608645d',	'2 weeks',	0,	'2016-06-10 02:31:23',	'2016-06-24 02:31:23'),
(72,	3,	'74afa5f7a1d6691080fbe229ba69481f',	'2 weeks',	0,	'2016-05-04 11:45:27',	'2016-05-18 11:45:27'),
(73,	2,	'91a93166d614be2025829135aa00a9b6',	'2 weeks',	1,	'2016-05-14 23:58:53',	'2016-05-28 23:58:53'),
(74,	2,	'1d90fa18a6370371687703b83f2e8fa7',	'2 weeks',	0,	'2016-05-28 12:14:51',	'2016-06-11 12:14:51'),
(80,	1,	'd80d9bc7ea4690c1c6ce97be3438050c',	'2 weeks',	0,	'2016-06-10 02:30:49',	'2016-06-24 02:30:49'),
(76,	2,	'0402e0a8823d794c5874e0554685a3b6',	'2 weeks',	0,	'2016-05-28 12:28:44',	'2016-06-11 12:28:44'),
(77,	2,	'8e95385328833835de08a2a113dc1231',	'2 weeks',	0,	'2016-06-10 01:06:11',	'2016-06-24 01:06:11'),
(79,	2,	'a6e80325cb6fb7666d73a681c13db8a3',	'2 weeks',	0,	'2016-06-10 01:48:17',	'2016-06-24 01:48:17');

DROP TABLE IF EXISTS `transactions`;
CREATE TABLE `transactions` (
  `id` int(11) NOT NULL AUTO_INCREMENT,
  `user_id` int(11) DEFAULT NULL,
  `amount` bigint(20) DEFAULT NULL,
  `transaction_type` enum('Receipt','Payment') DEFAULT NULL,
  `is_interest` tinyint(1) NOT NULL DEFAULT '0',
  `remarks` text NOT NULL,
  `short_notes` varchar(255) DEFAULT NULL,
  `transaction_date` datetime DEFAULT NULL,
  `is_hidden` tinyint(1) NOT NULL DEFAULT '0',
  `created` datetime DEFAULT NULL,
  `modified` datetime DEFAULT NULL,
  PRIMARY KEY (`id`)
) ENGINE=InnoDB DEFAULT CHARSET=latin1;

INSERT INTO `transactions` (`id`, `user_id`, `amount`, `transaction_type`, `is_interest`, `remarks`, `short_notes`, `transaction_date`, `is_hidden`, `created`, `modified`) VALUES
(1,	2,	4,	'Receipt',	0,	'this is remark',	'sdfsd',	'2020-09-20 00:00:00',	1,	'2015-09-15 11:03:40',	'2016-04-03 16:23:38'),
(2,	3,	10000,	'Receipt',	0,	'',	NULL,	'2015-10-21 00:00:00',	0,	'2015-09-15 13:45:42',	'2016-04-10 09:02:26'),
(4,	2,	100000,	'Payment',	0,	'This is remarks',	'',	'2015-09-10 00:00:00',	0,	'2015-09-15 15:23:11',	'2016-05-15 03:42:43'),
(5,	3,	500,	'Receipt',	1,	'received interest from vikas',	NULL,	NULL,	0,	'2015-09-15 15:27:25',	'2015-09-15 15:27:25'),
(6,	2,	6500,	'Payment',	1,	'given interesnt',	NULL,	'2015-09-09 09:30:00',	0,	'2015-09-15 15:31:51',	'2015-09-17 09:23:18'),
(7,	4,	2300,	'Receipt',	1,	'interest received from akshar',	NULL,	NULL,	0,	'2015-09-15 15:41:26',	'2015-09-17 08:40:01'),
(8,	2,	50,	'Receipt',	0,	'',	'',	'2031-12-19 00:00:00',	0,	'2015-09-16 04:05:21',	'2016-04-03 16:28:20'),
(9,	3,	2500,	'Receipt',	1,	'received',	NULL,	'2015-10-14 00:00:00',	0,	'2015-09-17 07:18:01',	'2015-10-26 09:11:31'),
(10,	3,	2500,	'Receipt',	1,	'given interest',	NULL,	'2015-09-25 00:00:00',	0,	'2015-09-17 08:42:47',	'2015-10-26 08:35:42'),
(11,	2,	232,	'Receipt',	1,	'sdf',	NULL,	'2015-10-21 00:00:00',	0,	'2015-10-05 07:46:15',	'2015-10-12 07:49:27'),
(12,	2,	232,	'Receipt',	0,	'',	'',	'2015-09-17 00:00:00',	0,	'2015-10-05 07:47:48',	'2016-05-15 00:48:37'),
(13,	2,	23,	'Receipt',	0,	'',	NULL,	'2015-10-27 00:00:00',	0,	'2015-10-05 09:25:56',	'2015-10-26 09:17:15'),
(14,	2,	111,	'Receipt',	1,	'received interest',	NULL,	'2015-06-10 00:00:00',	0,	'2015-10-05 09:27:30',	'2015-12-30 06:43:47'),
(15,	2,	200,	'Receipt',	0,	'',	NULL,	'2015-10-31 00:00:00',	0,	'2015-10-12 08:28:04',	'2015-10-12 08:28:04'),
(16,	3,	1234512345123,	'Receipt',	0,	'this is remark',	NULL,	'2020-10-20 00:00:00',	0,	'2015-10-27 07:48:44',	'2016-04-03 13:44:39'),
(17,	5,	12000,	'Payment',	0,	'given to sanjay',	NULL,	'2015-12-30 00:00:00',	1,	'2015-12-30 07:37:12',	'2016-04-03 16:16:08'),
(18,	6,	100,	'Receipt',	0,	'test',	'abc',	'2016-05-15 00:00:00',	0,	'2016-05-15 00:39:33',	'2016-05-15 00:39:33'),
(19,	2,	250,	'Receipt',	0,	'ssdf',	'dsf',	'2016-05-15 00:00:00',	0,	'2016-05-15 00:44:11',	'2016-05-15 00:44:11'),
(20,	6,	100000,	'Receipt',	0,	'',	'',	'2016-05-15 00:00:00',	0,	'2016-05-15 03:37:58',	'2016-05-15 03:37:58');

DROP TABLE IF EXISTS `users`;
CREATE TABLE `users` (
  `id` int(11) NOT NULL AUTO_INCREMENT,
  `user_group_id` int(11) unsigned DEFAULT NULL,
  `user_sub_group_id` int(11) DEFAULT NULL,
  `reference_id` int(11) DEFAULT NULL,
  `username` varchar(100) DEFAULT NULL,
  `password` varchar(255) DEFAULT NULL,
  `salt` text,
  `email` varchar(100) DEFAULT NULL,
  `first_name` varchar(100) DEFAULT NULL,
  `middle_name` varchar(100) DEFAULT NULL,
  `last_name` varchar(100) DEFAULT NULL,
  `email_verified` int(1) DEFAULT '0',
  `active` int(1) NOT NULL DEFAULT '0',
  `ip_address` varchar(50) DEFAULT NULL,
  `created` datetime DEFAULT NULL,
  `modified` datetime DEFAULT NULL,
  PRIMARY KEY (`id`),
  KEY `user` (`username`),
  KEY `mail` (`email`),
  KEY `users_FKIndex1` (`user_group_id`),
  KEY `user_sub_group_id` (`user_sub_group_id`)
) ENGINE=InnoDB DEFAULT CHARSET=latin1;

INSERT INTO `users` (`id`, `user_group_id`, `user_sub_group_id`, `reference_id`, `username`, `password`, `salt`, `email`, `first_name`, `middle_name`, `last_name`, `email_verified`, `active`, `ip_address`, `created`, `modified`) VALUES
(1,	1,	NULL,	NULL,	'admin',	'e1809ac92f17c5b1dc76d29848b70f65',	'db18025b25cbde1420aec46550c1fa93',	'admin@admin.com',	'Sarvasva',	'',	'Admin',	1,	1,	'',	'2015-09-16 12:08:00',	'2016-06-10 01:15:28'),
(2,	4,	NULL,	NULL,	'ashish',	'67f268b37978a97ee43fc6d311f3fb06',	'582a1dff56a6ce4fce8d3b8ebc9ba7ba',	'narola.ashish@gmail.com',	'Ashish',	NULL,	'Narola',	1,	1,	NULL,	'2015-09-16 03:07:46',	'2015-09-16 09:53:11'),
(3,	2,	NULL,	NULL,	'peter',	'570051138677c5510d454effbe4e4ab3',	'dc7d61f907a7e056ea88a6fc36509328',	'peter.wander@gmail.com',	'peter',	'',	'wander',	1,	1,	NULL,	'2015-09-16 04:01:06',	'2016-05-04 11:44:56'),
(4,	2,	NULL,	NULL,	'vikram',	'fa4ba85310c2e6c7c9935f3c7f5457fc',	'e46b31d67ca72876688146491c06cb96',	'viks.patel@gmail.com',	'vikram',	NULL,	'patel',	1,	1,	NULL,	'2015-09-16 09:54:24',	'2015-09-16 10:10:07'),
(5,	2,	NULL,	NULL,	'sanjay',	'5404a7718e99d35072e095e6be8b3491',	'823ed269847e314d7cfd80aa782ea8c9',	'sanjayn@gmail.com',	'Sanjay',	NULL,	'Narola',	1,	1,	NULL,	'2015-09-19 03:23:50',	'2015-09-19 03:24:22'),
(6,	2,	NULL,	NULL,	'ashok',	'4b21b58089fdbdcb49f9c8d87e86ee78',	'27ab292a5314abe40115c253a0dc49af',	'ashok.narola@gmail.com',	'Ashok',	NULL,	'Narola',	1,	1,	NULL,	'2015-10-27 09:26:01',	'2015-10-27 09:26:01'),
(7,	NULL,	NULL,	NULL,	'ashishn',	'7942bf4303fbd587b202b3dc7b5bec14',	'cc1d6cbdc3fe570f363c0ebb5b630fdc',	NULL,	'narolan',	NULL,	'damnagarn',	1,	1,	NULL,	'2015-12-23 08:12:10',	'2015-12-23 08:12:10'),
(8,	2,	NULL,	NULL,	'abcd',	'91a74cf5e53f40dcc7078e7f47469d4b',	'7c23ccdb75739dd656a0f9fa131d307a',	NULL,	'efghi',	NULL,	'jklmn',	1,	1,	NULL,	'2015-12-23 08:14:13',	'2015-12-23 08:14:13'),
(9,	2,	NULL,	NULL,	'abcde',	'4fb0e6d7d38cfff9f49c1bec6d7fdb2a',	'b3e1f9662ac9e289a6d20dea8310d360',	NULL,	'test',	NULL,	'df',	1,	1,	NULL,	'2015-12-23 08:17:13',	'2015-12-23 08:17:13'),
(10,	7,	11,	5,	'abcdef',	'8e937f83f0b22125ec8b9ed14c300887',	'1861410aae718ba29e058472d3f71b25',	NULL,	'aa',	'',	'test',	1,	1,	NULL,	'2015-12-23 08:18:21',	'2016-06-10 03:05:45'),
(11,	2,	NULL,	NULL,	'nayan',	'b60ae52d4a13af957e423e75ba2ea24b',	'a58e56c34832d0085b9fd4e7c3d53f3d',	NULL,	'Nayan',	NULL,	'Jobanputra',	1,	1,	NULL,	'2015-12-23 08:19:24',	'2015-12-23 08:19:24'),
(12,	2,	NULL,	NULL,	'nayan1',	'fea2d7228068a52acb82dfa6f732716c',	'a377869a63c6dd790fc8dc2a440489c7',	NULL,	'Nayan',	NULL,	'Jobanputra',	1,	1,	NULL,	'2015-12-23 08:19:48',	'2015-12-23 08:19:48'),
(13,	7,	0,	4,	'nayan2',	'c7bab90985405926a091312693f8f8f9',	'450202dc6915361e0533022185996b1c',	NULL,	'abc',	'',	'land',	1,	1,	NULL,	'2015-12-23 08:22:36',	'2016-06-10 04:24:32'),
(14,	8,	0,	4,	'nayan3',	'3e2fdeb11014d769be659670cc357849',	'dc589f2a59bbd18f49a5348dbc9c1fc0',	NULL,	'abc',	'',	'plot',	1,	1,	NULL,	'2015-12-23 08:23:16',	'2016-06-10 04:24:13');

DROP TABLE IF EXISTS `user_groups`;
CREATE TABLE `user_groups` (
  `id` int(11) NOT NULL AUTO_INCREMENT,
  `name` varchar(100) DEFAULT NULL,
  `alias_name` varchar(100) DEFAULT NULL,
  `allowRegistration` int(1) NOT NULL DEFAULT '1',
  `created` datetime DEFAULT NULL,
  `modified` datetime DEFAULT NULL,
  PRIMARY KEY (`id`)
) ENGINE=InnoDB DEFAULT CHARSET=latin1;

INSERT INTO `user_groups` (`id`, `name`, `alias_name`, `allowRegistration`, `created`, `modified`) VALUES
(1,	'Admin',	'Admin',	0,	'2015-09-16 12:08:00',	'2015-09-16 12:08:00'),
(2,	'User',	'User',	1,	'2015-09-16 12:08:00',	'2015-09-16 12:08:00'),
(3,	'Guest',	'Guest',	0,	'2015-09-16 12:08:00',	'2015-09-16 12:08:00'),
(4,	'Money Lender',	'Money_Lender',	0,	'2015-09-16 02:45:20',	'2015-09-16 02:45:20'),
(7,	'Land Lord',	'group_alias_1464456776',	1,	'2016-05-28 13:32:56',	'2016-05-28 13:32:56'),
(8,	'Plot',	'group_alias_1464456855',	0,	'2016-05-28 13:34:15',	'2016-05-28 13:34:15'),
(9,	'Interest2',	'group_alias_1465539031',	0,	'2016-05-28 13:47:29',	'2016-06-10 02:10:31');

DROP TABLE IF EXISTS `user_group_permissions`;
CREATE TABLE `user_group_permissions` (
  `id` int(10) unsigned NOT NULL AUTO_INCREMENT,
  `user_group_id` int(10) unsigned NOT NULL,
  `controller` varchar(50) CHARACTER SET latin1 COLLATE latin1_general_ci NOT NULL,
  `action` varchar(100) CHARACTER SET latin1 COLLATE latin1_general_ci NOT NULL,
  `allowed` tinyint(1) unsigned NOT NULL DEFAULT '1',
  PRIMARY KEY (`id`)
) ENGINE=InnoDB DEFAULT CHARSET=latin1;

INSERT INTO `user_group_permissions` (`id`, `user_group_id`, `controller`, `action`, `allowed`) VALUES
(1,	1,	'Pages',	'display',	1),
(2,	2,	'Pages',	'display',	1),
(3,	3,	'Pages',	'display',	1),
(4,	1,	'UserGroupPermissions',	'index',	1),
(5,	2,	'UserGroupPermissions',	'index',	0),
(6,	3,	'UserGroupPermissions',	'index',	0),
(7,	1,	'UserGroupPermissions',	'update',	1),
(8,	2,	'UserGroupPermissions',	'update',	0),
(9,	3,	'UserGroupPermissions',	'update',	0),
(10,	1,	'UserGroups',	'index',	1),
(11,	2,	'UserGroups',	'index',	0),
(12,	3,	'UserGroups',	'index',	0),
(13,	1,	'UserGroups',	'addGroup',	1),
(14,	2,	'UserGroups',	'addGroup',	0),
(15,	3,	'UserGroups',	'addGroup',	0),
(16,	1,	'UserGroups',	'editGroup',	1),
(17,	2,	'UserGroups',	'editGroup',	0),
(18,	3,	'UserGroups',	'editGroup',	0),
(19,	1,	'UserGroups',	'deleteGroup',	1),
(20,	2,	'UserGroups',	'deleteGroup',	0),
(21,	3,	'UserGroups',	'deleteGroup',	0),
(22,	1,	'Users',	'index',	1),
(23,	2,	'Users',	'index',	0),
(24,	3,	'Users',	'index',	0),
(25,	1,	'Users',	'viewUser',	1),
(26,	2,	'Users',	'viewUser',	0),
(27,	3,	'Users',	'viewUser',	0),
(28,	1,	'Users',	'myprofile',	1),
(29,	2,	'Users',	'myprofile',	1),
(30,	3,	'Users',	'myprofile',	0),
(31,	1,	'Users',	'login',	1),
(32,	2,	'Users',	'login',	1),
(33,	3,	'Users',	'login',	1),
(34,	1,	'Users',	'logout',	1),
(35,	2,	'Users',	'logout',	1),
(36,	3,	'Users',	'logout',	1),
(37,	1,	'Users',	'register',	1),
(38,	2,	'Users',	'register',	1),
(39,	3,	'Users',	'register',	1),
(40,	1,	'Users',	'changePassword',	1),
(41,	2,	'Users',	'changePassword',	1),
(42,	3,	'Users',	'changePassword',	0),
(43,	1,	'Users',	'changeUserPassword',	1),
(44,	2,	'Users',	'changeUserPassword',	0),
(45,	3,	'Users',	'changeUserPassword',	0),
(46,	1,	'Users',	'addUser',	1),
(47,	2,	'Users',	'addUser',	0),
(48,	3,	'Users',	'addUser',	0),
(49,	1,	'Users',	'editUser',	1),
(50,	2,	'Users',	'editUser',	0),
(51,	3,	'Users',	'editUser',	0),
(52,	1,	'Users',	'dashboard',	1),
(53,	2,	'Users',	'dashboard',	1),
(54,	3,	'Users',	'dashboard',	0),
(55,	1,	'Users',	'deleteUser',	1),
(56,	2,	'Users',	'deleteUser',	0),
(57,	3,	'Users',	'deleteUser',	0),
(58,	1,	'Users',	'makeActive',	1),
(59,	2,	'Users',	'makeActive',	0),
(60,	3,	'Users',	'makeActive',	0),
(61,	1,	'Users',	'accessDenied',	1),
(62,	2,	'Users',	'accessDenied',	1),
(63,	3,	'Users',	'accessDenied',	1),
(64,	1,	'Users',	'userVerification',	1),
(65,	2,	'Users',	'userVerification',	1),
(66,	3,	'Users',	'userVerification',	1),
(67,	1,	'Users',	'forgotPassword',	1),
(68,	2,	'Users',	'forgotPassword',	1),
(69,	3,	'Users',	'forgotPassword',	1),
(70,	1,	'Users',	'makeActiveInactive',	1),
(71,	2,	'Users',	'makeActiveInactive',	0),
(72,	3,	'Users',	'makeActiveInactive',	0),
(73,	1,	'Users',	'verifyEmail',	1),
(74,	2,	'Users',	'verifyEmail',	0),
(75,	3,	'Users',	'verifyEmail',	0),
(76,	1,	'Users',	'activatePassword',	1),
(77,	2,	'Users',	'activatePassword',	1),
(78,	3,	'Users',	'activatePassword',	1),
(79,	4,	'Users',	'index',	1),
(80,	4,	'Users',	'viewUser',	1),
(81,	4,	'Users',	'myprofile',	1),
(82,	4,	'Users',	'login',	1),
(83,	4,	'Users',	'logout',	1),
(84,	4,	'Users',	'register',	1),
(85,	4,	'Users',	'changePassword',	1),
(86,	4,	'Users',	'changeUserPassword',	1),
(87,	4,	'Users',	'addUser',	1),
(88,	4,	'Users',	'editUser',	1),
(89,	4,	'Users',	'deleteUser',	1),
(90,	4,	'Users',	'dashboard',	1),
(91,	4,	'Users',	'makeActiveInactive',	0),
(92,	4,	'Users',	'verifyEmail',	0),
(93,	4,	'Users',	'accessDenied',	1),
(94,	4,	'Users',	'activatePassword',	1),
(95,	4,	'Users',	'forgotPassword',	1),
(96,	1,	'Transactions',	'delete',	0),
(97,	2,	'Transactions',	'delete',	0),
(98,	3,	'Transactions',	'delete',	0),
(99,	4,	'Transactions',	'delete',	1),
(100,	1,	'Transactions',	'edit',	0),
(101,	2,	'Transactions',	'edit',	0),
(102,	3,	'Transactions',	'edit',	0),
(103,	4,	'Transactions',	'edit',	1),
(104,	1,	'Transactions',	'add',	0),
(105,	2,	'Transactions',	'add',	0),
(106,	3,	'Transactions',	'add',	0),
(107,	4,	'Transactions',	'add',	1),
(108,	1,	'Transactions',	'view',	0),
(109,	2,	'Transactions',	'view',	0),
(110,	3,	'Transactions',	'view',	0),
(111,	4,	'Transactions',	'view',	1),
(112,	1,	'Transactions',	'index',	0),
(113,	2,	'Transactions',	'index',	0),
(114,	3,	'Transactions',	'index',	0),
(115,	4,	'Transactions',	'index',	1),
(116,	1,	'Transactions',	'userTransactions',	1),
(117,	2,	'Transactions',	'userTransactions',	1),
(118,	3,	'Transactions',	'userTransactions',	0),
(119,	4,	'Transactions',	'userTransactions',	1),
(120,	1,	'Pages',	'ledger',	1),
(121,	2,	'Pages',	'ledger',	1),
(122,	3,	'Pages',	'ledger',	1),
(123,	4,	'Pages',	'ledger',	1),
(124,	1,	'Pages',	'searchUser',	1),
(125,	2,	'Pages',	'searchUser',	1),
(126,	3,	'Pages',	'searchUser',	1),
(127,	4,	'Pages',	'searchUser',	1),
(128,	4,	'Pages',	'display',	1),
(129,	1,	'Pages',	'typeaheadSearch',	1),
(130,	2,	'Pages',	'typeaheadSearch',	1),
(131,	3,	'Pages',	'typeaheadSearch',	1),
(132,	4,	'Pages',	'typeaheadSearch',	1),
(133,	1,	'Transactions',	'transactionsPDF',	1),
(134,	2,	'Transactions',	'transactionsPDF',	0),
(135,	3,	'Transactions',	'transactionsPDF',	0),
(136,	4,	'Transactions',	'transactionsPDF',	0),
(137,	1,	'Transactions',	'addNewParty',	0),
(138,	2,	'Transactions',	'addNewParty',	1),
(139,	3,	'Transactions',	'addNewParty',	0),
(140,	4,	'Transactions',	'addNewParty',	1),
(141,	1,	'Ajax',	'addNewParty',	1),
(142,	2,	'Ajax',	'addNewParty',	1),
(143,	3,	'Ajax',	'addNewParty',	0),
(144,	4,	'Ajax',	'addNewParty',	1),
(145,	1,	'Transactions',	'hide',	1),
(146,	2,	'Transactions',	'hide',	1),
(147,	3,	'Transactions',	'hide',	0),
(148,	4,	'Transactions',	'hide',	1),
(149,	4,	'UserGroups',	'index',	1),
(150,	4,	'UserGroups',	'addGroup',	1),
(151,	4,	'UserGroups',	'editGroup',	1),
(152,	4,	'UserGroups',	'deleteGroup',	1),
(153,	1,	'UserGroups',	'groupUsers',	0),
(154,	2,	'UserGroups',	'groupUsers',	0),
(155,	3,	'UserGroups',	'groupUsers',	0),
(156,	4,	'UserGroups',	'groupUsers',	1),
(157,	7,	'UserGroups',	'groupUsers',	0),
(158,	8,	'UserGroups',	'groupUsers',	0),
(159,	9,	'UserGroups',	'groupUsers',	0),
(160,	1,	'UserSubGroups',	'index',	0),
(161,	2,	'UserSubGroups',	'index',	0),
(162,	3,	'UserSubGroups',	'index',	0),
(163,	4,	'UserSubGroups',	'index',	1),
(164,	7,	'UserSubGroups',	'index',	0),
(165,	8,	'UserSubGroups',	'index',	0),
(166,	9,	'UserSubGroups',	'index',	0),
(167,	1,	'UserSubGroups',	'addSubGroup',	0),
(168,	2,	'UserSubGroups',	'addSubGroup',	0),
(169,	3,	'UserSubGroups',	'addSubGroup',	0),
(170,	4,	'UserSubGroups',	'addSubGroup',	1),
(171,	7,	'UserSubGroups',	'addSubGroup',	0),
(172,	8,	'UserSubGroups',	'addSubGroup',	0),
(173,	9,	'UserSubGroups',	'addSubGroup',	0),
(174,	1,	'UserSubGroups',	'editSubGroup',	0),
(175,	2,	'UserSubGroups',	'editSubGroup',	0),
(176,	3,	'UserSubGroups',	'editSubGroup',	0),
(177,	4,	'UserSubGroups',	'editSubGroup',	1),
(178,	7,	'UserSubGroups',	'editSubGroup',	0),
(179,	8,	'UserSubGroups',	'editSubGroup',	0),
(180,	9,	'UserSubGroups',	'editSubGroup',	0),
(181,	1,	'UserSubGroups',	'deleteSubGroup',	0),
(182,	2,	'UserSubGroups',	'deleteSubGroup',	0),
(183,	3,	'UserSubGroups',	'deleteSubGroup',	0),
(184,	4,	'UserSubGroups',	'deleteSubGroup',	1),
(185,	7,	'UserSubGroups',	'deleteSubGroup',	0),
(186,	8,	'UserSubGroups',	'deleteSubGroup',	0),
(187,	9,	'UserSubGroups',	'deleteSubGroup',	0),
(188,	1,	'UserSubGroups',	'groupUsers',	0),
(189,	2,	'UserSubGroups',	'groupUsers',	0),
(190,	3,	'UserSubGroups',	'groupUsers',	0),
(191,	4,	'UserSubGroups',	'groupUsers',	1),
(192,	7,	'UserSubGroups',	'groupUsers',	0),
(193,	8,	'UserSubGroups',	'groupUsers',	0),
(194,	9,	'UserSubGroups',	'groupUsers',	0),
(195,	1,	'UserSubGroups',	'subGroupUsers',	0),
(196,	2,	'UserSubGroups',	'subGroupUsers',	0),
(197,	3,	'UserSubGroups',	'subGroupUsers',	0),
(198,	4,	'UserSubGroups',	'subGroupUsers',	1),
(199,	7,	'UserSubGroups',	'subGroupUsers',	0),
(200,	8,	'UserSubGroups',	'subGroupUsers',	0),
(201,	9,	'UserSubGroups',	'subGroupUsers',	0),
(202,	1,	'Users',	'userReferences',	0),
(203,	2,	'Users',	'userReferences',	0),
(204,	3,	'Users',	'userReferences',	0),
(205,	4,	'Users',	'userReferences',	1),
(206,	7,	'Users',	'userReferences',	0),
(207,	8,	'Users',	'userReferences',	0),
(208,	9,	'Users',	'userReferences',	0);

DROP TABLE IF EXISTS `user_sub_groups`;
CREATE TABLE `user_sub_groups` (
  `id` int(11) NOT NULL AUTO_INCREMENT,
  `name` varchar(100) DEFAULT NULL,
  `alias_name` varchar(100) DEFAULT NULL,
  `allowRegistration` int(1) NOT NULL DEFAULT '1',
  `created` datetime DEFAULT NULL,
  `modified` datetime DEFAULT NULL,
  PRIMARY KEY (`id`)
) ENGINE=InnoDB DEFAULT CHARSET=latin1;

INSERT INTO `user_sub_groups` (`id`, `name`, `alias_name`, `allowRegistration`, `created`, `modified`) VALUES
(11,	'test sub group23',	'sub_group_alias_1465539249',	0,	'2016-06-10 01:58:37',	'2016-06-10 02:19:28');

-- 2016-06-11 12:17:04
